,id_club_tfmk,nombre_club,url_club_tfmk,nombre_club_tfmk,escudo_club,edad_media_club,valor_mercado_millones_euros_club,id_liga_tfmk,temporada
0,419,GNK Dinamo Zagreb,/gnk-dinamo-zagreb/startseite/verein/419/saison_id/2023,gnk-dinamo-zagreb,https://tmssl.akamaized.net/images/wappen/tiny/419.png?lm=1571921138,25.2,69.35,KR1,1
1,447,HNK Hajduk Split,/hnk-hajduk-split/startseite/verein/447/saison_id/2023,hnk-hajduk-split,https://tmssl.akamaized.net/images/wappen/tiny/447.png?lm=1673717761,25.1,56.68,KR1,1
2,144,HNK Rijeka,/hnk-rijeka/startseite/verein/144/saison_id/2023,hnk-rijeka,https://tmssl.akamaized.net/images/wappen/tiny/144.png?lm=1582550780,24.0,34.43,KR1,1
3,327,NK Osijek,/nk-osijek/startseite/verein/327/saison_id/2023,nk-osijek,https://tmssl.akamaized.net/images/wappen/tiny/327.png?lm=1488628710,24.0,16.75,KR1,1
4,24575,HNK Gorica,/hnk-gorica/startseite/verein/24575/saison_id/2023,hnk-gorica,https://tmssl.akamaized.net/images/wappen/tiny/24575.png?lm=1438118371,25.1,12.5,KR1,1
5,11194,NK Lokomotiva Zagreb,/nk-lokomotiva-zagreb/startseite/verein/11194/saison_id/2023,nk-lokomotiva-zagreb,https://tmssl.akamaized.net/images/wappen/tiny/11194.png?lm=1505567651,22.9,11.3,KR1,1
6,999,NK Istra 1961,/nk-istra-1961/startseite/verein/999/saison_id/2023,nk-istra-1961,https://tmssl.akamaized.net/images/wappen/tiny/999.png?lm=1458922256,23.8,10.05,KR1,1
7,599,NK Varazdin,/nk-varazdin/startseite/verein/599/saison_id/2023,nk-varazdin,https://tmssl.akamaized.net/images/wappen/tiny/599.png?lm=1613048309,24.7,8.38,KR1,1
8,2362,Slaven Belupo Koprivnica,/slaven-belupo-koprivnica/startseite/verein/2362/saison_id/2023,slaven-belupo-koprivnica,https://tmssl.akamaized.net/images/wappen/tiny/2362.png?lm=1673559143,24.1,5.9,KR1,1
9,11083,NK Rudes,/nk-rudes/startseite/verein/11083/saison_id/2023,nk-rudes,https://tmssl.akamaized.net/images/wappen/tiny/11083.png?lm=1538421936,24.5,5.71,KR1,1
10,45457,Pafos FC,/pafos-fc/startseite/verein/45457/saison_id/2023,pafos-fc,https://tmssl.akamaized.net/images/wappen/tiny/45457.png?lm=1534711579,25.3,26.08,ZYP1,1
11,10586,Aris Limassol,/aris-limassol/startseite/verein/10586/saison_id/2023,aris-limassol,https://tmssl.akamaized.net/images/wappen/tiny/10586.png?lm=1418121622,24.3,17.48,ZYP1,1
12,829,Omonia Nicosia,/omonia-nikosia/startseite/verein/829/saison_id/2023,omonia-nikosia,https://tmssl.akamaized.net/images/wappen/tiny/829.png?lm=1447275209,26.2,16.53,ZYP1,1
13,3899,Anorthosis Famagusta,/anorthosis-famagusta/startseite/verein/3899/saison_id/2023,anorthosis-famagusta,https://tmssl.akamaized.net/images/wappen/tiny/3899.png?lm=1408794742,26.5,14.85,ZYP1,1
14,2784,APOEL FC,/apoel-nikosia/startseite/verein/2784/saison_id/2023,apoel-nikosia,https://tmssl.akamaized.net/images/wappen/tiny/2784.png?lm=1536096930,26.6,14.58,ZYP1,1
15,2156,AEK Larnaca,/aek-larnaka/startseite/verein/2156/saison_id/2023,aek-larnaka,https://tmssl.akamaized.net/images/wappen/tiny/2156.png?lm=1420998659,27.3,14.13,ZYP1,1
16,429,Apollon Limassol,/apollon-limassol/startseite/verein/429/saison_id/2023,apollon-limassol,https://tmssl.akamaized.net/images/wappen/tiny/429.png?lm=1688303028,26.9,13.18,ZYP1,1
17,786,AEL Limassol,/ael-limassol/startseite/verein/786/saison_id/2023,ael-limassol,https://tmssl.akamaized.net/images/wappen/tiny/786.png?lm=1583681789,26.3,8.13,ZYP1,1
18,18945,Nea Salamina Famagusta,/nea-salamina-famagusta/startseite/verein/18945/saison_id/2023,nea-salamina-famagusta,https://tmssl.akamaized.net/images/wappen/tiny/18945.png?lm=1443216484,27.3,7.43,ZYP1,1
19,4590,Ethnikos Achnas,/ethnikos-achnas/startseite/verein/4590/saison_id/2023,ethnikos-achnas,https://tmssl.akamaized.net/images/wappen/tiny/4590.png?lm=1421003360,26.3,6.98,ZYP1,1
20,42109,Karmiotissa Pano Polemidion,/karmiotissa-pano-polemidion/startseite/verein/42109/saison_id/2023,karmiotissa-pano-polemidion,https://tmssl.akamaized.net/images/wappen/tiny/42109.png?lm=1666952327,25.9,5.55,ZYP1,1
21,3393,Doxa Katokopias,/doxa-katokopias/startseite/verein/3393/saison_id/2023,doxa-katokopias,https://tmssl.akamaized.net/images/wappen/tiny/3393.png?lm=1422223636,29.0,4.78,ZYP1,1
22,37577,AEZ Zakakiou,/aez-zakakiou/startseite/verein/37577/saison_id/2023,aez-zakakiou,https://tmssl.akamaized.net/images/wappen/tiny/37577.png?lm=1474920357,24.6,4.58,ZYP1,1
23,30606,Othellos Athienou,/othellos-athienou/startseite/verein/30606/saison_id/2023,othellos-athienou,https://tmssl.akamaized.net/images/wappen/tiny/30606.png?lm=1421877812,26.7,4.0,ZYP1,1
24,501,FK Bodø/Glimt,/fk-bodo-glimt/startseite/verein/501/saison_id/2023,fk-bodo-glimt,https://tmssl.akamaized.net/images/wappen/tiny/501.png?lm=1410462743,24.2,41.6,NO1,1
25,687,Molde FK,/molde-fk/startseite/verein/687/saison_id/2023,molde-fk,https://tmssl.akamaized.net/images/wappen/tiny/687.png?lm=1409159512,24.3,25.8,NO1,1
26,195,Rosenborg BK,/rosenborg-bk/startseite/verein/195/saison_id/2023,rosenborg-bk,https://tmssl.akamaized.net/images/wappen/tiny/195.png?lm=1704643663,22.9,24.6,NO1,1
27,1100,SK Brann,/sk-brann/startseite/verein/1100/saison_id/2023,sk-brann,https://tmssl.akamaized.net/images/wappen/tiny/1100.png?lm=1444211296,24.5,15.73,NO1,1
28,239,Viking FK,/viking-stavanger/startseite/verein/239/saison_id/2023,viking-stavanger,https://tmssl.akamaized.net/images/wappen/tiny/239.png?lm=1615368654,23.9,13.3,NO1,1
29,353,Lillestrøm SK,/lillestrom-sk/startseite/verein/353/saison_id/2023,lillestrom-sk,https://tmssl.akamaized.net/images/wappen/tiny/353.png?lm=1420642842,24.3,11.48,NO1,1
30,1293,Tromsø IL,/tromso-il/startseite/verein/1293/saison_id/2023,tromso-il,https://tmssl.akamaized.net/images/wappen/tiny/1293.png?lm=1438202054,24.1,11.3,NO1,1
31,1058,Odds BK,/odds-bk/startseite/verein/1058/saison_id/2023,odds-bk,https://tmssl.akamaized.net/images/wappen/tiny/1058.png?lm=1579446177,23.8,11.28,NO1,1
32,10217,Sarpsborg 08 FF,/sarpsborg-08-ff/startseite/verein/10217/saison_id/2023,sarpsborg-08-ff,https://tmssl.akamaized.net/images/wappen/tiny/10217.png?lm=1410172953,24.0,8.68,NO1,1
33,2761,FK Haugesund,/fk-haugesund/startseite/verein/2761/saison_id/2023,fk-haugesund,https://tmssl.akamaized.net/images/wappen/tiny/2761.png?lm=1515836744,21.8,8.6,NO1,1
34,2817,Strømsgodset IF,/stromsgodset-if/startseite/verein/2817/saison_id/2023,stromsgodset-if,https://tmssl.akamaized.net/images/wappen/tiny/2817.png?lm=1522008831,24.2,8.2,NO1,1
35,6399,Sandefjord Fotball,/sandefjord-fotball/startseite/verein/6399/saison_id/2023,sandefjord-fotball,https://tmssl.akamaized.net/images/wappen/tiny/6399.png?lm=1480871661,23.2,7.98,NO1,1
36,3837,Fredrikstad FK,/fredrikstad-fk/startseite/verein/3837/saison_id/2023,fredrikstad-fk,https://tmssl.akamaized.net/images/wappen/tiny/3837.png?lm=1697453990,24.5,7.48,NO1,1
37,23184,KFUM-Kameratene Oslo,/kfum-kameratene-oslo/startseite/verein/23184/saison_id/2023,kfum-kameratene-oslo,https://tmssl.akamaized.net/images/wappen/tiny/23184.png?lm=1474488697,24.4,6.05,NO1,1
38,4309,Hamarkameratene,/hamarkameratene/startseite/verein/4309/saison_id/2023,hamarkameratene,https://tmssl.akamaized.net/images/wappen/tiny/4309.png?lm=1639076682,26.1,5.43,NO1,1
39,21101,Kristiansund BK,/kristiansund-bk/startseite/verein/21101/saison_id/2023,kristiansund-bk,https://tmssl.akamaized.net/images/wappen/tiny/21101.png?lm=1480871752,22.5,5.2,NO1,1
40,62,SK Slavia Praga,/sk-slavia-prag/startseite/verein/62/saison_id/2023,sk-slavia-prag,https://tmssl.akamaized.net/images/wappen/tiny/62.png?lm=1659955223,25.4,57.05,TS1,1
41,197,AC Sparta Praga,/ac-sparta-prag/startseite/verein/197/saison_id/2023,ac-sparta-prag,https://tmssl.akamaized.net/images/wappen/tiny/197.png?lm=1705397331,25.4,54.65,TS1,1
42,941,FC Viktoria Plzen,/fc-viktoria-pilsen/startseite/verein/941/saison_id/2023,fc-viktoria-pilsen,https://tmssl.akamaized.net/images/wappen/tiny/941.png?lm=1703858693,26.9,29.03,TS1,1
43,377,FC Banik Ostrava,/fc-banik-ostrau/startseite/verein/377/saison_id/2023,fc-banik-ostrau,https://tmssl.akamaized.net/images/wappen/tiny/377.png?lm=1419584907,24.4,11.83,TS1,1
44,5544,1.FC Slovacko,/1-fc-slovacko/startseite/verein/5544/saison_id/2023,1-fc-slovacko,https://tmssl.akamaized.net/images/wappen/tiny/5544.png?lm=1419785239,27.9,10.25,TS1,1
45,2311,SK Sigma Olomouc,/sk-sigma-olmutz/startseite/verein/2311/saison_id/2023,sk-sigma-olmutz,https://tmssl.akamaized.net/images/wappen/tiny/2311.png?lm=1419785397,25.7,9.05,TS1,1
46,697,FC Slovan Liberec,/fc-slovan-liberec/startseite/verein/697/saison_id/2023,fc-slovan-liberec,https://tmssl.akamaized.net/images/wappen/tiny/697.png?lm=1665901264,23.3,8.9,TS1,1
47,1496,FK Pardubice,/fk-pardubice/startseite/verein/1496/saison_id/2023,fk-pardubice,https://tmssl.akamaized.net/images/wappen/tiny/1496.png?lm=1419786179,23.3,8.73,TS1,1
48,5546,FK Mlada Boleslav,/fk-mlada-boleslav/startseite/verein/5546/saison_id/2023,fk-mlada-boleslav,https://tmssl.akamaized.net/images/wappen/tiny/5546.png?lm=1419784887,26.2,8.55,TS1,1
49,814,FK Teplice,/fk-teplice/startseite/verein/814/saison_id/2023,fk-teplice,https://tmssl.akamaized.net/images/wappen/tiny/814.png?lm=1692778662,24.6,8.53,TS1,1
50,1322,FK Jablonec,/fk-jablonec/startseite/verein/1322/saison_id/2023,fk-jablonec,https://tmssl.akamaized.net/images/wappen/tiny/1322.png?lm=1551278724,25.4,7.38,TS1,1
51,1897,FC Hradec Kralove,/fc-hradec-kralove/startseite/verein/1897/saison_id/2023,fc-hradec-kralove,https://tmssl.akamaized.net/images/wappen/tiny/1897.png?lm=1692778912,25.5,7.05,TS1,1
52,715,Bohemians Praga 1905,/fc-bohemians-prag-1905/startseite/verein/715/saison_id/2023,fc-bohemians-prag-1905,https://tmssl.akamaized.net/images/wappen/tiny/715.png?lm=1646734219,28.2,6.98,TS1,1
53,5545,FC Zlin,/fc-fastav-zlin/startseite/verein/5545/saison_id/2023,fc-fastav-zlin,https://tmssl.akamaized.net/images/wappen/tiny/5545.png?lm=1659955579,25.1,6.23,TS1,1
54,13726,MFK Karvina,/mfk-karvina/startseite/verein/13726/saison_id/2023,mfk-karvina,https://tmssl.akamaized.net/images/wappen/tiny/13726.png?lm=1419785681,24.9,5.85,TS1,1
55,1321,SK Dynamo Ceske Budejovice,/sk-dynamo-ceske-budejovice/startseite/verein/1321/saison_id/2023,sk-dynamo-ceske-budejovice,https://tmssl.akamaized.net/images/wappen/tiny/1321.png?lm=1706607866,24.3,5.61,TS1,1
56,9644,Raków Częstochowa,/rakow-czestochowa/startseite/verein/9644/saison_id/2023,rakow-czestochowa,https://tmssl.akamaized.net/images/wappen/tiny/9644.png?lm=1706715423,24.8,37.93,PL1,1
57,238,Lech Poznan,/lech-posen/startseite/verein/238/saison_id/2023,lech-posen,https://tmssl.akamaized.net/images/wappen/tiny/238.png?lm=1667394613,25.6,36.3,PL1,1
58,255,Legia de Varsovia,/legia-warschau/startseite/verein/255/saison_id/2023,legia-warschau,https://tmssl.akamaized.net/images/wappen/tiny/255.png?lm=1463410132,24.6,22.6,PL1,1
59,759,Śląsk Wroclaw,/slask-wroclaw/startseite/verein/759/saison_id/2023,slask-wroclaw,https://tmssl.akamaized.net/images/wappen/tiny/759.png?lm=1404463384,23.4,18.05,PL1,1
60,2300,Jagiellonia Białystok,/jagiellonia-bialystok/startseite/verein/2300/saison_id/2023,jagiellonia-bialystok,https://tmssl.akamaized.net/images/wappen/tiny/2300.png?lm=1611305568,24.9,17.05,PL1,1
61,7154,Radomiak Radom,/radomiak-radom/startseite/verein/7154/saison_id/2023,radomiak-radom,https://tmssl.akamaized.net/images/wappen/tiny/7154.png?lm=1706715593,25.8,16.13,PL1,1
62,168,Zagłębie Lubin,/zaglebie-lubin/startseite/verein/168/saison_id/2023,zaglebie-lubin,https://tmssl.akamaized.net/images/wappen/tiny/168.png?lm=1429042281,24.2,14.13,PL1,1
63,5689,Cracovia,/cracovia/startseite/verein/5689/saison_id/2023,cracovia,https://tmssl.akamaized.net/images/wappen/tiny/5689.png?lm=1706715546,24.9,12.13,PL1,1
64,6112,Piast Gliwice,/piast-gliwice/startseite/verein/6112/saison_id/2023,piast-gliwice,https://tmssl.akamaized.net/images/wappen/tiny/6112.png?lm=1706715503,26.2,11.95,PL1,1
65,324,Pogon Szczecin,/pogon-stettin/startseite/verein/324/saison_id/2023,pogon-stettin,https://tmssl.akamaized.net/images/wappen/tiny/324.png?lm=1573830930,25.2,11.83,PL1,1
66,428,Górnik Zabrze,/gornik-zabrze/startseite/verein/428/saison_id/2023,gornik-zabrze,https://tmssl.akamaized.net/images/wappen/tiny/428.png?lm=1444671509,25.1,10.15,PL1,1
67,88,RTS Widzew Łódź,/widzew-lodz/startseite/verein/88/saison_id/2023,widzew-lodz,https://tmssl.akamaized.net/images/wappen/tiny/88.png?lm=1706715679,25.0,9.55,PL1,1
68,22431,Stal Mielec,/stal-mielec/startseite/verein/22431/saison_id/2023,stal-mielec,https://tmssl.akamaized.net/images/wappen/tiny/22431.png?lm=1706715637,25.7,8.83,PL1,1
69,318,Ruch Chorzów,/ruch-chorzow/startseite/verein/318/saison_id/2023,ruch-chorzow,https://tmssl.akamaized.net/images/wappen/tiny/318.png?lm=1688323355,26.2,8.75,PL1,1
70,7146,Warta Poznań,/warta-posen/startseite/verein/7146/saison_id/2023,warta-posen,https://tmssl.akamaized.net/images/wappen/tiny/7146.png?lm=1686848416,25.1,8.7,PL1,1
71,6110,Korona Kielce,/korona-kielce/startseite/verein/6110/saison_id/2023,korona-kielce,https://tmssl.akamaized.net/images/wappen/tiny/6110.png?lm=1444671585,24.8,8.55,PL1,1
72,28893,Puszcza Niepolomice,/puszcza-niepolomice/startseite/verein/28893/saison_id/2023,puszcza-niepolomice,https://tmssl.akamaized.net/images/wappen/tiny/28893.png?lm=1706716644,25.2,7.15,PL1,1
73,256,ŁKS Łódź,/lks-lodz/startseite/verein/256/saison_id/2023,lks-lodz,https://tmssl.akamaized.net/images/wappen/tiny/256.png?lm=1706716572,24.7,6.7,PL1,1
74,496,Malmoe FF,/malmo-ff/startseite/verein/496/saison_id/2023,malmo-ff,https://tmssl.akamaized.net/images/wappen/tiny/496.png?lm=1409230098,27.0,37.43,SE1,1
75,1109,BK Häcken,/bk-hacken/startseite/verein/1109/saison_id/2023,bk-hacken,https://tmssl.akamaized.net/images/wappen/tiny/1109.png?lm=1406273241,24.5,22.78,SE1,1
76,1059,Hammarby IF,/hammarby-if/startseite/verein/1059/saison_id/2023,hammarby-if,https://tmssl.akamaized.net/images/wappen/tiny/1059.png?lm=1420188123,23.2,22.63,SE1,1
77,1044,Djurgårdens IF,/djurgardens-if/startseite/verein/1044/saison_id/2023,djurgardens-if,https://tmssl.akamaized.net/images/wappen/tiny/1044.png?lm=1664752306,25.8,18.5,SE1,1
78,272,AIK,/aik-solna/startseite/verein/272/saison_id/2023,aik-solna,https://tmssl.akamaized.net/images/wappen/tiny/272.png?lm=1669122843,25.2,18.03,SE1,1
79,1101,IF Elfsborg,/if-elfsborg-boras/startseite/verein/1101/saison_id/2023,if-elfsborg-boras,https://tmssl.akamaized.net/images/wappen/tiny/1101.png?lm=1445330037,23.6,15.3,SE1,1
80,801,IFK Göteborg,/ifk-goteborg/startseite/verein/801/saison_id/2023,ifk-goteborg,https://tmssl.akamaized.net/images/wappen/tiny/801.png?lm=1604213475,24.0,14.65,SE1,1
81,2844,IFK Norrköping,/ifk-norrkoping/startseite/verein/2844/saison_id/2023,ifk-norrkoping,https://tmssl.akamaized.net/images/wappen/tiny/2844.png?lm=1414431996,23.5,12.53,SE1,1
82,7945,IK Sirius,/ik-sirius/startseite/verein/7945/saison_id/2023,ik-sirius,https://tmssl.akamaized.net/images/wappen/tiny/7945.png?lm=1415700794,23.3,10.45,SE1,1
83,2719,Mjällby AIF,/mjallby-aif/startseite/verein/2719/saison_id/2023,mjallby-aif,https://tmssl.akamaized.net/images/wappen/tiny/2719.png?lm=1414431429,22.6,8.83,SE1,1
84,3654,Kalmar FF,/kalmar-ff/startseite/verein/3654/saison_id/2023,kalmar-ff,https://tmssl.akamaized.net/images/wappen/tiny/3654.png?lm=1696707425,25.3,8.68,SE1,1
85,1092,IF Brommapojkarna,/if-brommapojkarna/startseite/verein/1092/saison_id/2023,if-brommapojkarna,https://tmssl.akamaized.net/images/wappen/tiny/1092.png?lm=1667670777,24.8,8.5,SE1,1
86,3622,IFK Värnamo,/ifk-varnamo/startseite/verein/3622/saison_id/2023,ifk-varnamo,https://tmssl.akamaized.net/images/wappen/tiny/3622.png?lm=1415700878,24.2,7.51,SE1,1
87,1011,Halmstads BK,/halmstads-bk/startseite/verein/1011/saison_id/2023,halmstads-bk,https://tmssl.akamaized.net/images/wappen/tiny/1011.png?lm=1500069553,26.6,6.98,SE1,1
88,7009,GAIS,/gais-goteborg/startseite/verein/7009/saison_id/2023,gais-goteborg,https://tmssl.akamaized.net/images/wappen/tiny/7009.png?lm=1415700741,23.9,5.36,SE1,1
89,5202,Västerås SK,/vasteras-sk/startseite/verein/5202/saison_id/2023,vasteras-sk,https://tmssl.akamaized.net/images/wappen/tiny/5202.png?lm=1420653426,24.2,5.12,SE1,1
90,301,FCSB,/fcsb/startseite/verein/301/saison_id/2023,fcsb,https://tmssl.akamaized.net/images/wappen/tiny/301.png?lm=1485604345,24.7,32.88,RO1,1
91,455,Rapid de Bucarest,/fc-rapid-1923/startseite/verein/455/saison_id/2023,fc-rapid-1923,https://tmssl.akamaized.net/images/wappen/tiny/455.png?lm=1416161780,25.8,21.7,RO1,1
92,40812,Universitatea Craiova,/universitatea-craiova/startseite/verein/40812/saison_id/2023,universitatea-craiova,https://tmssl.akamaized.net/images/wappen/tiny/40812.png?lm=1533830310,24.9,21.5,RO1,1
93,7769,CFR Cluj,/cfr-cluj/startseite/verein/7769/saison_id/2023,cfr-cluj,https://tmssl.akamaized.net/images/wappen/tiny/7769.png?lm=1414777942,25.7,17.83,RO1,1
94,54585,Sepsi OSK Sf. Gheorghe,/sepsi-osk-sf-gheorghe/startseite/verein/54585/saison_id/2023,sepsi-osk-sf-gheorghe,https://tmssl.akamaized.net/images/wappen/tiny/54585.png?lm=1474753724,26.0,15.74,RO1,1
95,29831,FCV Farul Constanta,/fc-viitorul-constanta/startseite/verein/29831/saison_id/2023,fc-viitorul-constanta,https://tmssl.akamaized.net/images/wappen/tiny/29831.png?lm=1629303713,24.9,15.63,RO1,1
96,6429,FC Universitatea Cluj,/fc-universitatea-cluj/startseite/verein/6429/saison_id/2023,fc-universitatea-cluj,https://tmssl.akamaized.net/images/wappen/tiny/6429.png?lm=1416161674,25.4,11.1,RO1,1
97,58049,FC Hermannstadt,/fc-hermannstadt/startseite/verein/58049/saison_id/2023,fc-hermannstadt,https://tmssl.akamaized.net/images/wappen/tiny/58049.png?lm=1503912894,25.8,10.89,RO1,1
98,1007,FC U Craiova 1948,/fc-u-craiova-1948/startseite/verein/1007/saison_id/2023,fc-u-craiova-1948,https://tmssl.akamaized.net/images/wappen/tiny/1007.png?lm=1695392000,24.6,10.1,RO1,1
99,40843,FC Voluntari,/fc-voluntari/startseite/verein/40843/saison_id/2023,fc-voluntari,https://tmssl.akamaized.net/images/wappen/tiny/40843.png?lm=1626459369,26.7,9.9,RO1,1
100,312,FC Dinamo 1948,/fc-dinamo/startseite/verein/312/saison_id/2023,fc-dinamo,https://tmssl.akamaized.net/images/wappen/tiny/312.png?lm=1409069452,26.3,9.65,RO1,1
101,9465,Petrolul Ploiesti,/petrolul-ploiesti/startseite/verein/9465/saison_id/2023,petrolul-ploiesti,https://tmssl.akamaized.net/images/wappen/tiny/9465.png?lm=1458581485,24.4,8.41,RO1,1
102,8818,FC Botoșani,/fc-botosani/startseite/verein/8818/saison_id/2023,fc-botosani,https://tmssl.akamaized.net/images/wappen/tiny/8818.png?lm=1691146613,24.7,8.2,RO1,1
103,4959,SC Otelul Galati,/sc-otelul-galati/startseite/verein/4959/saison_id/2023,sc-otelul-galati,https://tmssl.akamaized.net/images/wappen/tiny/4959.png?lm=1518990553,26.6,8.18,RO1,1
104,952,UTA Arad,/uta-arad/startseite/verein/952/saison_id/2023,uta-arad,https://tmssl.akamaized.net/images/wappen/tiny/952.png?lm=1546257012,24.8,7.89,RO1,1
105,33966,ACSM Politehnica Iasi,/acsm-politehnica-iasi/startseite/verein/33966/saison_id/2023,acsm-politehnica-iasi,https://tmssl.akamaized.net/images/wappen/tiny/33966.png?lm=1696601347,25.7,7.45,RO1,1
106,190,FC Copenhague,/fc-kopenhagen/startseite/verein/190/saison_id/2023,fc-kopenhagen,https://tmssl.akamaized.net/images/wappen/tiny/190.png?lm=1518117389,25.9,84.6,DK1,1
107,2778,FC Nordsjælland,/fc-nordsjaelland/startseite/verein/2778/saison_id/2023,fc-nordsjaelland,https://tmssl.akamaized.net/images/wappen/tiny/2778.png?lm=1564262814,22.4,45.4,DK1,1
108,865,FC Midtjylland,/fc-midtjylland/startseite/verein/865/saison_id/2023,fc-midtjylland,https://tmssl.akamaized.net/images/wappen/tiny/865.png?lm=1518117451,25.1,42.75,DK1,1
109,206,Brøndby IF,/brondby-if/startseite/verein/206/saison_id/2023,brondby-if,https://tmssl.akamaized.net/images/wappen/tiny/206.png?lm=1518117616,25.3,40.65,DK1,1
110,678,Aarhus GF,/aarhus-gf/startseite/verein/678/saison_id/2023,aarhus-gf,https://tmssl.akamaized.net/images/wappen/tiny/678.png?lm=1518117578,24.4,18.23,DK1,1
111,1063,Viborg FF,/viborg-ff/startseite/verein/1063/saison_id/2023,viborg-ff,https://tmssl.akamaized.net/images/wappen/tiny/1063.png?lm=1518117799,23.1,16.85,DK1,1
112,173,Odense Boldklub,/odense-boldklub/startseite/verein/173/saison_id/2023,odense-boldklub,https://tmssl.akamaized.net/images/wappen/tiny/173.png?lm=1518117592,23.9,14.43,DK1,1
113,1177,Silkeborg IF,/silkeborg-if/startseite/verein/1177/saison_id/2023,silkeborg-if,https://tmssl.akamaized.net/images/wappen/tiny/1177.png?lm=1518117733,23.8,14.03,DK1,1
114,5724,Randers FC,/randers-fc/startseite/verein/5724/saison_id/2023,randers-fc,https://tmssl.akamaized.net/images/wappen/tiny/5724.png?lm=1518117482,24.7,12.68,DK1,1
115,443,Vejle Boldklub,/vejle-boldklub/startseite/verein/443/saison_id/2023,vejle-boldklub,https://tmssl.akamaized.net/images/wappen/tiny/443.png?lm=1437861930,25.6,11.65,DK1,1
116,369,Lyngby BK,/lyngby-bk/startseite/verein/369/saison_id/2023,lyngby-bk,https://tmssl.akamaized.net/images/wappen/tiny/369.png?lm=1518117602,24.5,10.75,DK1,1
117,1894,Hvidovre IF,/hvidovre-if/startseite/verein/1894/saison_id/2023,hvidovre-if,https://tmssl.akamaized.net/images/wappen/tiny/1894.png?lm=1458926365,26.8,5.93,DK1,1
118,683,Olympiacos El Pireo,/olympiakos-piraus/startseite/verein/683/saison_id/2023,olympiakos-piraus,https://tmssl.akamaized.net/images/wappen/tiny/683.png?lm=1447787802,26.6,116.8,GR1,1
119,265,Panathinaikos FC,/panathinaikos-athen/startseite/verein/265/saison_id/2023,panathinaikos-athen,https://tmssl.akamaized.net/images/wappen/tiny/265.png?lm=1629382830,28.9,73.65,GR1,1
120,1091,PAOK de Salónica FC,/paok-thessaloniki/startseite/verein/1091/saison_id/2023,paok-thessaloniki,https://tmssl.akamaized.net/images/wappen/tiny/1091.png?lm=1562577576,27.5,71.1,GR1,1
121,2441,AEK Atenas FC,/aek-athen/startseite/verein/2441/saison_id/2023,aek-athen,https://tmssl.akamaized.net/images/wappen/tiny/2441.png?lm=1412097069,27.7,69.1,GR1,1
122,605,Aris de Salónica,/aris-thessaloniki/startseite/verein/605/saison_id/2023,aris-thessaloniki,https://tmssl.akamaized.net/images/wappen/tiny/605.png?lm=1569944828,28.1,26.15,GR1,1
123,6418,Panetolikos GFS,/panetolikos-gfs/startseite/verein/6418/saison_id/2023,panetolikos-gfs,https://tmssl.akamaized.net/images/wappen/tiny/6418.png?lm=1562577540,25.8,16.73,GR1,1
124,3060,Atromitos FC,/atromitos-athen/startseite/verein/3060/saison_id/2023,atromitos-athen,https://tmssl.akamaized.net/images/wappen/tiny/3060.png?lm=1562577628,25.7,16.43,GR1,1
125,653,OFI Creta,/ofi-kreta/startseite/verein/653/saison_id/2023,ofi-kreta,https://tmssl.akamaized.net/images/wappen/tiny/653.png?lm=1597434188,27.3,13.5,GR1,1
126,6676,Asteras Tripolis,/asteras-tripolis/startseite/verein/6676/saison_id/2023,asteras-tripolis,https://tmssl.akamaized.net/images/wappen/tiny/6676.png?lm=1610114023,26.5,11.65,GR1,1
127,60949,Volos NPS,/volos-nps/startseite/verein/60949/saison_id/2023,volos-nps,https://tmssl.akamaized.net/images/wappen/tiny/60949.png?lm=1515160190,26.5,11.63,GR1,1
128,2671,PAS Giannina,/pas-giannina/startseite/verein/2671/saison_id/2023,pas-giannina,https://tmssl.akamaized.net/images/wappen/tiny/2671.png?lm=1623427611,26.0,10.03,GR1,1
129,30120,AE Kifisias,/ae-kifisias/startseite/verein/30120/saison_id/2023,ae-kifisias,https://tmssl.akamaized.net/images/wappen/tiny/30120.png?lm=1646735433,27.5,9.7,GR1,1
130,3385,Panserraikos,/panserraikos/startseite/verein/3385/saison_id/2023,panserraikos,https://tmssl.akamaized.net/images/wappen/tiny/3385.png?lm=1685653807,26.0,9.4,GR1,1
131,3999,PAS Lamia 1964,/pas-lamia-1964/startseite/verein/3999/saison_id/2023,pas-lamia-1964,https://tmssl.akamaized.net/images/wappen/tiny/3999.png?lm=1485530369,27.9,7.63,GR1,1
132,452,BSC Young Boys,/bsc-young-boys/startseite/verein/452/saison_id/2023,bsc-young-boys,https://tmssl.akamaized.net/images/wappen/tiny/452.png?lm=1689916664,24.6,62.3,C1,1
133,26,FC Basilea,/fc-basel-1893/startseite/verein/26/saison_id/2023,fc-basel-1893,https://tmssl.akamaized.net/images/wappen/tiny/26.png?lm=1656417702,23.2,36.25,C1,1
134,434,FC Lucerna,/fc-luzern/startseite/verein/434/saison_id/2023,fc-luzern,https://tmssl.akamaized.net/images/wappen/tiny/434.png?lm=1688507169,24.3,31.43,C1,1
135,2790,FC Lugano,/fc-lugano/startseite/verein/2790/saison_id/2023,fc-lugano,https://tmssl.akamaized.net/images/wappen/tiny/2790.png?lm=1656417633,24.0,31.08,C1,1
136,527,FC Lausanne-Sport,/fc-lausanne-sport/startseite/verein/527/saison_id/2023,fc-lausanne-sport,https://tmssl.akamaized.net/images/wappen/tiny/527.png?lm=1688506649,25.9,30.65,C1,1
137,257,FC St. Gallen 1879,/fc-st-gallen-1879/startseite/verein/257/saison_id/2023,fc-st-gallen-1879,https://tmssl.akamaized.net/images/wappen/tiny/257.png?lm=1692697904,24.8,24.5,C1,1
138,61,Servette FC,/servette-fc/startseite/verein/61/saison_id/2023,servette-fc,https://tmssl.akamaized.net/images/wappen/tiny/61.png?lm=1688507141,25.3,22.0,C1,1
139,260,FC Zúrich,/fc-zurich/startseite/verein/260/saison_id/2023,fc-zurich,https://tmssl.akamaized.net/images/wappen/tiny/260.png?lm=1688506599,24.8,21.9,C1,1
140,504,Grasshopper Club Zurich,/grasshopper-club-zurich/startseite/verein/504/saison_id/2023,grasshopper-club-zurich,https://tmssl.akamaized.net/images/wappen/tiny/504.png?lm=1688507097,22.8,19.2,C1,1
141,322,Yverdon Sport FC,/yverdon-sport-fc/startseite/verein/322/saison_id/2023,yverdon-sport-fc,https://tmssl.akamaized.net/images/wappen/tiny/322.png?lm=1656417934,25.0,18.3,C1,1
142,5499,FC Stade-Lausanne-Ouchy,/fc-stade-lausanne-ouchy/startseite/verein/5499/saison_id/2023,fc-stade-lausanne-ouchy,https://tmssl.akamaized.net/images/wappen/tiny/5499.png?lm=1656418353,25.0,15.35,C1,1
143,242,FC Winterthur,/fc-winterthur/startseite/verein/242/saison_id/2023,fc-winterthur,https://tmssl.akamaized.net/images/wappen/tiny/242.png?lm=1688544169,25.9,13.7,C1,1
144,31614,Ludogorets Razgrad,/pfk-ludogorets-razgrad/startseite/verein/31614/saison_id/2023,pfk-ludogorets-razgrad,https://tmssl.akamaized.net/images/wappen/tiny/31614.png?lm=1629528048,27.5,35.3,BU1,1
145,208,CSKA-Sofia,/zska-sofia/startseite/verein/208/saison_id/2023,zska-sofia,https://tmssl.akamaized.net/images/wappen/tiny/208.png?lm=1631096410,26.0,20.28,BU1,1
146,156,Levski Sofia,/levski-sofia/startseite/verein/156/saison_id/2023,levski-sofia,https://tmssl.akamaized.net/images/wappen/tiny/156.png?lm=1517128698,22.9,18.7,BU1,1
147,61955,CSKA 1948,/cska-1948/startseite/verein/61955/saison_id/2023,cska-1948,https://tmssl.akamaized.net/images/wappen/tiny/61955.png?lm=1695587387,25.9,13.6,BU1,1
148,2531,Botev Plovdiv,/botev-plovdiv/startseite/verein/2531/saison_id/2023,botev-plovdiv,https://tmssl.akamaized.net/images/wappen/tiny/2531.png?lm=1497946814,24.7,9.81,BU1,1
149,40604,Arda Kardzhali,/pfc-arda-kardzhali/startseite/verein/40604/saison_id/2023,pfc-arda-kardzhali,https://tmssl.akamaized.net/images/wappen/tiny/40604.png?lm=1613412971,25.7,9.36,BU1,1
150,967,Cherno More Varna,/cherno-more-varna/startseite/verein/967/saison_id/2023,cherno-more-varna,https://tmssl.akamaized.net/images/wappen/tiny/967.png?lm=1416145122,25.1,8.36,BU1,1
151,2259,Lokomotiv Plovdiv,/lokomotive-plovdiv/startseite/verein/2259/saison_id/2023,lokomotive-plovdiv,https://tmssl.akamaized.net/images/wappen/tiny/2259.png?lm=1626864236,24.5,7.48,BU1,1
152,6764,Beroe Stara Zagora,/pfc-beroe-stara-zagora/startseite/verein/6764/saison_id/2023,pfc-beroe-stara-zagora,https://tmssl.akamaized.net/images/wappen/tiny/6764.png?lm=1416144905,22.9,6.23,BU1,1
153,730,Lokomotiv Sofia,/lokomotiv-sofia/startseite/verein/730/saison_id/2023,lokomotiv-sofia,https://tmssl.akamaized.net/images/wappen/tiny/730.png?lm=1629872617,24.6,5.83,BU1,1
154,675,Slavia Sofia,/slavia-sofia/startseite/verein/675/saison_id/2023,slavia-sofia,https://tmssl.akamaized.net/images/wappen/tiny/675.png?lm=1493976927,25.3,5.5,BU1,1
155,91158,Krumovgrad,/levski-krumovgrad/startseite/verein/91158/saison_id/2023,levski-krumovgrad,https://tmssl.akamaized.net/images/wappen/tiny/91158.png?lm=1667492395,26.2,5.12,BU1,1
156,26563,Hebar Pazardzhik,/hebar-pazardzhik/startseite/verein/26563/saison_id/2023,hebar-pazardzhik,https://tmssl.akamaized.net/images/wappen/tiny/26563.png?lm=1666763320,24.5,4.73,BU1,1
157,712,Etar Veliko Tarnovo,/etar-veliko-tarnovo/startseite/verein/712/saison_id/2023,etar-veliko-tarnovo,https://tmssl.akamaized.net/images/wappen/tiny/712.png?lm=1694349297,24.8,4.59,BU1,1
158,26462,Botev Vratsa,/pofk-botev-vratsa/startseite/verein/26462/saison_id/2023,pofk-botev-vratsa,https://tmssl.akamaized.net/images/wappen/tiny/26462.png?lm=1694348904,25.0,4.58,BU1,1
159,521,Pirin Blagoevgrad,/ofk-pirin-blagoevgrad/startseite/verein/521/saison_id/2023,ofk-pirin-blagoevgrad,https://tmssl.akamaized.net/images/wappen/tiny/521.png?lm=1583681947,25.7,2.93,BU1,1
160,964,Zenit de San Petersburgo,/zenit-st-petersburg/startseite/verein/964/saison_id/2023,zenit-st-petersburg,https://tmssl.akamaized.net/images/wappen/tiny/964.png?lm=1687671770,26.3,163.8,RU1,1
161,16704,FK Krasnodar,/fk-krasnodar/startseite/verein/16704/saison_id/2023,fk-krasnodar,https://tmssl.akamaized.net/images/wappen/tiny/16704.png?lm=1499524238,24.9,100.9,RU1,1
162,232, FC Spartak de Moscú,/spartak-moskau/startseite/verein/232/saison_id/2023,spartak-moskau,https://tmssl.akamaized.net/images/wappen/tiny/232.png?lm=1645543288,25.0,94.9,RU1,1
163,2410,CSKA Moscú,/zska-moskau/startseite/verein/2410/saison_id/2023,zska-moskau,https://tmssl.akamaized.net/images/wappen/tiny/2410.png?lm=1409222667,24.8,83.75,RU1,1
164,932,Lokomotiv Moscú,/lokomotiv-moskau/startseite/verein/932/saison_id/2023,lokomotiv-moskau,https://tmssl.akamaized.net/images/wappen/tiny/932.png?lm=1486195738,24.3,83.65,RU1,1
165,121,Dinamo Moscú,/dinamo-moskau/startseite/verein/121/saison_id/2023,dinamo-moskau,https://tmssl.akamaized.net/images/wappen/tiny/121.png?lm=1597937447,25.4,78.3,RU1,1
166,2696,Krylya Sovetov Samara,/krylya-sovetov-samara/startseite/verein/2696/saison_id/2023,krylya-sovetov-samara,https://tmssl.akamaized.net/images/wappen/tiny/2696.png?lm=1658044381,24.8,43.98,RU1,1
167,1083,FK Rostov,/fk-rostov/startseite/verein/1083/saison_id/2023,fk-rostov,https://tmssl.akamaized.net/images/wappen/tiny/1083.png?lm=1604130993,24.4,43.1,RU1,1
168,41231,FK Sochi,/fk-sochi/startseite/verein/41231/saison_id/2023,fk-sochi,https://tmssl.akamaized.net/images/wappen/tiny/41231.png?lm=1549213557,26.0,27.15,RU1,1
169,3725,Akhmat Grozny,/akhmat-grozny/startseite/verein/3725/saison_id/2023,akhmat-grozny,https://tmssl.akamaized.net/images/wappen/tiny/3725.png?lm=1497737399,27.1,25.78,RU1,1
170,14589,FK Orenburg,/fk-orenburg/startseite/verein/14589/saison_id/2023,fk-orenburg,https://tmssl.akamaized.net/images/wappen/tiny/14589.png?lm=1500713718,24.7,24.5,RU1,1
171,2698,Rubin Kazan,/rubin-kazan/startseite/verein/2698/saison_id/2023,rubin-kazan,https://tmssl.akamaized.net/images/wappen/tiny/2698.png?lm=1561987986,26.6,21.7,RU1,1
172,11127,Ural Ekaterimburgo,/ural-ekaterinburg/startseite/verein/11127/saison_id/2023,ural-ekaterinburg,https://tmssl.akamaized.net/images/wappen/tiny/11127.png?lm=1500926160,27.5,18.55,RU1,1
173,49702,FC Pari Nizhniy Novgorod,/fk-nizhny-novgorod/startseite/verein/49702/saison_id/2023,fk-nizhny-novgorod,https://tmssl.akamaized.net/images/wappen/tiny/49702.png?lm=1698688936,25.6,17.13,RU1,1
174,2741,Baltika Kaliningrad,/baltika-kaliningrad/startseite/verein/2741/saison_id/2023,baltika-kaliningrad,https://tmssl.akamaized.net/images/wappen/tiny/2741.png?lm=1673959895,26.0,15.9,RU1,1
175,1124,Fakel Voronezh,/fakel-voronezh/startseite/verein/1124/saison_id/2023,fakel-voronezh,https://tmssl.akamaized.net/images/wappen/tiny/1124.png?lm=1700892653,27.5,10.95,RU1,1
176,2282,Club Brujas KV,/fc-brugge/startseite/verein/2282/saison_id/2023,fc-brugge,https://tmssl.akamaized.net/images/wappen/tiny/2282.png?lm=1448474251,24.6,125.4,BE1,1
177,1184,KRC Genk,/krc-genk/startseite/verein/1184/saison_id/2023,krc-genk,https://tmssl.akamaized.net/images/wappen/tiny/1184.png?lm=1464899410,23.0,122.2,BE1,1
178,1096,Royal Amberes FC,/royal-antwerpen-fc/startseite/verein/1096/saison_id/2023,royal-antwerpen-fc,https://tmssl.akamaized.net/images/wappen/tiny/1096.png?lm=1623758865,24.6,101.25,BE1,1
179,58,RSC Anderlecht,/rsc-anderlecht/startseite/verein/58/saison_id/2023,rsc-anderlecht,https://tmssl.akamaized.net/images/wappen/tiny/58.png?lm=1693821244,25.4,96.7,BE1,1
180,157,KAA Gante,/kaa-gent/startseite/verein/157/saison_id/2023,kaa-gent,https://tmssl.akamaized.net/images/wappen/tiny/157.png?lm=1660723687,25.9,80.9,BE1,1
181,3948,Union Saint-Gilloise,/royale-union-saint-gilloise/startseite/verein/3948/saison_id/2023,royale-union-saint-gilloise,https://tmssl.akamaized.net/images/wappen/tiny/3948.png?lm=1624390507,25.1,66.55,BE1,1
182,3057,Standard de Lieja,/standard-luttich/startseite/verein/3057/saison_id/2023,standard-luttich,https://tmssl.akamaized.net/images/wappen/tiny/3057.png?lm=1693258741,23.6,63.55,BE1,1
183,520,Círculo de Brujas,/cercle-brugge/startseite/verein/520/saison_id/2023,cercle-brugge,https://tmssl.akamaized.net/images/wappen/tiny/520.png?lm=1656105507,22.7,44.65,BE1,1
184,968,KVC Westerlo,/kvc-westerlo/startseite/verein/968/saison_id/2023,kvc-westerlo,https://tmssl.akamaized.net/images/wappen/tiny/968.png?lm=1522078254,23.9,32.83,BE1,1
185,172,RSC Charleroi,/rsc-charleroi/startseite/verein/172/saison_id/2023,rsc-charleroi,https://tmssl.akamaized.net/images/wappen/tiny/172.png?lm=1448474590,24.5,31.65,BE1,1
186,54189,RWD Molenbeek,/rwd-molenbeek/startseite/verein/54189/saison_id/2023,rwd-molenbeek,https://tmssl.akamaized.net/images/wappen/tiny/54189.png?lm=1693257915,23.9,31.3,BE1,1
187,2727,Oud-Heverlee Leuven,/oud-heverlee-leuven/startseite/verein/2727/saison_id/2023,oud-heverlee-leuven,https://tmssl.akamaized.net/images/wappen/tiny/2727.png?lm=1693258844,24.4,31.15,BE1,1
188,475,Sint-Truidense VV,/vv-st-truiden/startseite/verein/475/saison_id/2023,vv-st-truiden,https://tmssl.akamaized.net/images/wappen/tiny/475.png?lm=1448474474,23.2,26.4,BE1,1
189,601,KV Kortrijk,/kv-kortrijk/startseite/verein/601/saison_id/2023,kv-kortrijk,https://tmssl.akamaized.net/images/wappen/tiny/601.png?lm=1534260191,24.0,23.55,BE1,1
190,354,KV Malinas,/kv-mechelen/startseite/verein/354/saison_id/2023,kv-mechelen,https://tmssl.akamaized.net/images/wappen/tiny/354.png?lm=1693258903,25.0,22.65,BE1,1
191,1245,KAS Eupen,/kas-eupen/startseite/verein/1245/saison_id/2023,kas-eupen,https://tmssl.akamaized.net/images/wappen/tiny/1245.png?lm=1464260524,24.3,21.55,BE1,1
192,371,Celtic FC,/celtic-glasgow/startseite/verein/371/saison_id/2023,celtic-glasgow,https://tmssl.akamaized.net/images/wappen/tiny/371.png?lm=1403615766,25.6,126.55,SC1,1
193,124,Rangers FC,/glasgow-rangers/startseite/verein/124/saison_id/2023,glasgow-rangers,https://tmssl.akamaized.net/images/wappen/tiny/124.png?lm=1657628093,26.2,110.6,SC1,1
194,43,Heart of Midlothian FC,/heart-of-midlothian-fc/startseite/verein/43/saison_id/2023,heart-of-midlothian-fc,https://tmssl.akamaized.net/images/wappen/tiny/43.png?lm=1522182618,25.9,18.38,SC1,1
195,903,Hibernian FC,/hibernian-fc/startseite/verein/903/saison_id/2023,hibernian-fc,https://tmssl.akamaized.net/images/wappen/tiny/903.png?lm=1534336641,25.9,15.23,SC1,1
196,370,Aberdeen FC,/aberdeen-fc/startseite/verein/370/saison_id/2023,aberdeen-fc,https://tmssl.akamaized.net/images/wappen/tiny/370.png?lm=1409146897,25.1,14.33,SC1,1
197,465,St. Mirren FC,/st-mirren-fc/startseite/verein/465/saison_id/2023,st-mirren-fc,https://tmssl.akamaized.net/images/wappen/tiny/465.png?lm=1411207682,26.0,8.68,SC1,1
198,987,Motherwell FC,/motherwell-fc/startseite/verein/987/saison_id/2023,motherwell-fc,https://tmssl.akamaized.net/images/wappen/tiny/987.png?lm=1632586564,25.9,8.65,SC1,1
199,511,Dundee FC,/dundee-fc/startseite/verein/511/saison_id/2023,dundee-fc,https://tmssl.akamaized.net/images/wappen/tiny/511.png?lm=1416262848,25.0,8.65,SC1,1
200,2759,Ross County FC,/ross-county-fc/startseite/verein/2759/saison_id/2023,ross-county-fc,https://tmssl.akamaized.net/images/wappen/tiny/2759.png?lm=1411570059,25.2,8.25,SC1,1
201,1241,Livingston FC,/livingston-fc/startseite/verein/1241/saison_id/2023,livingston-fc,https://tmssl.akamaized.net/images/wappen/tiny/1241.png?lm=1422899840,27.2,7.98,SC1,1
202,2553,Kilmarnock FC,/kilmarnock-fc/startseite/verein/2553/saison_id/2023,kilmarnock-fc,https://tmssl.akamaized.net/images/wappen/tiny/2553.png?lm=1568027450,26.2,7.95,SC1,1
203,2578,St. Johnstone FC,/st-johnstone-fc/startseite/verein/2578/saison_id/2023,st-johnstone-fc,https://tmssl.akamaized.net/images/wappen/tiny/2578.png?lm=1610822014,26.3,7.1,SC1,1
204,234,Feyenoord Rotterdam,/feyenoord-rotterdam/startseite/verein/234/saison_id/2023,feyenoord-rotterdam,https://tmssl.akamaized.net/images/wappen/tiny/234.png?lm=1457643518,23.9,305.55,NL1,1
205,383,PSV Eindhoven,/psv-eindhoven/startseite/verein/383/saison_id/2023,psv-eindhoven,https://tmssl.akamaized.net/images/wappen/tiny/383.png?lm=1682925949,25.1,282.38,NL1,1
206,610,Ajax de Ámsterdam,/ajax-amsterdam/startseite/verein/610/saison_id/2023,ajax-amsterdam,https://tmssl.akamaized.net/images/wappen/tiny/610.png?lm=1657054414,23.0,202.1,NL1,1
207,1090,AZ Alkmaar,/az-alkmaar/startseite/verein/1090/saison_id/2023,az-alkmaar,https://tmssl.akamaized.net/images/wappen/tiny/1090.png?lm=1586848339,23.0,104.9,NL1,1
208,317,FC Twente Enschede,/fc-twente-enschede/startseite/verein/317/saison_id/2023,fc-twente-enschede,https://tmssl.akamaized.net/images/wappen/tiny/317.png?lm=1610789581,23.9,63.48,NL1,1
209,200,FC Utrecht,/fc-utrecht/startseite/verein/200/saison_id/2023,fc-utrecht,https://tmssl.akamaized.net/images/wappen/tiny/200.png?lm=1628450351,25.1,41.75,NL1,1
210,306,SC Heerenveen,/sc-heerenveen/startseite/verein/306/saison_id/2023,sc-heerenveen,https://tmssl.akamaized.net/images/wappen/tiny/306.png?lm=1655978084,24.1,35.63,NL1,1
211,468,Sparta Rotterdam,/sparta-rotterdam/startseite/verein/468/saison_id/2023,sparta-rotterdam,https://tmssl.akamaized.net/images/wappen/tiny/468.png?lm=1485262132,24.5,26.55,NL1,1
212,499,Vitesse Arnhem,/vitesse-arnheim/startseite/verein/499/saison_id/2023,vitesse-arnheim,https://tmssl.akamaized.net/images/wappen/tiny/499.png?lm=1679396090,22.9,26.43,NL1,1
213,467,NEC Nijmegen,/nec-nijmegen/startseite/verein/467/saison_id/2023,nec-nijmegen,https://tmssl.akamaized.net/images/wappen/tiny/467.png?lm=1460302949,24.9,21.48,NL1,1
214,798,Excelsior Rotterdam,/sbv-excelsior-rotterdam/startseite/verein/798/saison_id/2023,sbv-excelsior-rotterdam,https://tmssl.akamaized.net/images/wappen/tiny/798.png?lm=1626701001,23.4,20.85,NL1,1
215,385,Fortuna Sittard,/fortuna-sittard/startseite/verein/385/saison_id/2023,fortuna-sittard,https://tmssl.akamaized.net/images/wappen/tiny/385.png?lm=1610789891,25.8,19.3,NL1,1
216,1269,PEC Zwolle,/pec-zwolle/startseite/verein/1269/saison_id/2023,pec-zwolle,https://tmssl.akamaized.net/images/wappen/tiny/1269.png?lm=1610790473,25.3,18.18,NL1,1
217,1435,Go Ahead Eagles Deventer,/go-ahead-eagles-deventer/startseite/verein/1435/saison_id/2023,go-ahead-eagles-deventer,https://tmssl.akamaized.net/images/wappen/tiny/1435.png?lm=1540316767,24.2,18.05,NL1,1
218,723,Almere City FC,/almere-city-fc/startseite/verein/723/saison_id/2023,almere-city-fc,https://tmssl.akamaized.net/images/wappen/tiny/723.png?lm=1588851577,24.5,15.88,NL1,1
219,1304,Heracles Almelo,/heracles-almelo/startseite/verein/1304/saison_id/2023,heracles-almelo,https://tmssl.akamaized.net/images/wappen/tiny/1304.png?lm=1488213735,24.6,15.83,NL1,1
220,235,RKC Waalwijk,/rkc-waalwijk/startseite/verein/235/saison_id/2023,rkc-waalwijk,https://tmssl.akamaized.net/images/wappen/tiny/235.png?lm=1435505083,25.6,13.18,NL1,1
221,724,FC Volendam,/fc-volendam/startseite/verein/724/saison_id/2023,fc-volendam,https://tmssl.akamaized.net/images/wappen/tiny/724.png?lm=1407649576,22.3,13.1,NL1,1
222,159,Estrella Roja de Belgrado,/roter-stern-belgrad/startseite/verein/159/saison_id/2023,roter-stern-belgrad,https://tmssl.akamaized.net/images/wappen/tiny/159.png?lm=1567102522,24.4,64.68,SER1,1
223,669,Partizán de Belgrado,/fk-partizan-belgrad/startseite/verein/669/saison_id/2023,fk-partizan-belgrad,https://tmssl.akamaized.net/images/wappen/tiny/669.png?lm=1541834922,24.7,32.35,SER1,1
224,6621,FK Cukaricki,/fk-cukaricki/startseite/verein/6621/saison_id/2023,fk-cukaricki,https://tmssl.akamaized.net/images/wappen/tiny/6621.png?lm=1479507902,23.5,25.18,SER1,1
225,3137,FK TSC Backa Topola,/fk-tsc-backa-topola/startseite/verein/3137/saison_id/2023,fk-tsc-backa-topola,https://tmssl.akamaized.net/images/wappen/tiny/3137.png?lm=1519841755,25.2,22.63,SER1,1
226,448,FK Vojvodina Novi Sad,/fk-vojvodina-novi-sad/startseite/verein/448/saison_id/2023,fk-vojvodina-novi-sad,https://tmssl.akamaized.net/images/wappen/tiny/448.png?lm=1543354208,24.2,16.6,SER1,1
227,15276,FK Spartak Subotica,/fk-spartak-subotica/startseite/verein/15276/saison_id/2023,fk-spartak-subotica,https://tmssl.akamaized.net/images/wappen/tiny/15276.png?lm=1420204934,23.3,14.64,SER1,1
228,32113,FK IMT Belgrad,/fk-imt-belgrad/startseite/verein/32113/saison_id/2023,fk-imt-belgrad,https://tmssl.akamaized.net/images/wappen/tiny/32113.png?lm=1530203175,23.1,12.83,SER1,1
229,7567,FK Radnicki Niš,/fk-radnicki-nis/startseite/verein/7567/saison_id/2023,fk-radnicki-nis,https://tmssl.akamaized.net/images/wappen/tiny/7567.png?lm=1420204988,24.6,9.58,SER1,1
230,4633,FK Novi Pazar,/fk-novi-pazar/startseite/verein/4633/saison_id/2023,fk-novi-pazar,https://tmssl.akamaized.net/images/wappen/tiny/4633.png?lm=1411382255,26.0,9.03,SER1,1
231,4634,FK Vozdovac,/fk-vozdovac/startseite/verein/4634/saison_id/2023,fk-vozdovac,https://tmssl.akamaized.net/images/wappen/tiny/4634.png?lm=1468429229,20.4,8.69,SER1,1
232,59358,Zeleznicar Pancevo,/zeleznicar-pancevo/startseite/verein/59358/saison_id/2023,zeleznicar-pancevo,https://tmssl.akamaized.net/images/wappen/tiny/59358.png?lm=1518876304,25.0,8.5,SER1,1
233,4645,FK Radnicki 1923 Kragujevac,/fk-radnicki-1923-kragujevac/startseite/verein/4645/saison_id/2023,fk-radnicki-1923-kragujevac,https://tmssl.akamaized.net/images/wappen/tiny/4645.png?lm=1403100499,25.0,8.16,SER1,1
234,788,FK Napredak Krusevac,/fk-napredak-krusevac/startseite/verein/788/saison_id/2023,fk-napredak-krusevac,https://tmssl.akamaized.net/images/wappen/tiny/788.png?lm=1420204769,25.8,8.05,SER1,1
235,8819,FK Javor-Matis Ivanjica,/fk-javor-matis-ivanjica/startseite/verein/8819/saison_id/2023,fk-javor-matis-ivanjica,https://tmssl.akamaized.net/images/wappen/tiny/8819.png?lm=1420205090,25.2,7.38,SER1,1
236,33328,FK Radnik Surdulica,/fk-radnik-surdulica/startseite/verein/33328/saison_id/2023,fk-radnik-surdulica,https://tmssl.akamaized.net/images/wappen/tiny/33328.png?lm=1410709426,24.3,6.29,SER1,1
237,6622,FK Mladost Lucani,/fk-mladost-lucani/startseite/verein/6622/saison_id/2023,fk-mladost-lucani,https://tmssl.akamaized.net/images/wappen/tiny/6622.png?lm=1410710765,25.1,5.04,SER1,1
238,660,Shakhtar Donetsk,/shakhtar-donetsk/startseite/verein/660/saison_id/2023,shakhtar-donetsk,https://tmssl.akamaized.net/images/wappen/tiny/660.png?lm=1396275305,23.5,121.25,UKR1,1
239,338,FC Dinamo de Kiev,/dynamo-kiew/startseite/verein/338/saison_id/2023,dynamo-kiew,https://tmssl.akamaized.net/images/wappen/tiny/338.png?lm=1442954715,24.1,52.55,UKR1,1
240,60551,SK Dnipro-1,/sk-dnipro-1/startseite/verein/60551/saison_id/2023,sk-dnipro-1,https://tmssl.akamaized.net/images/wappen/tiny/60551.png?lm=1507128660,26.3,20.8,UKR1,1
241,10690,Zorya Lugansk,/zorya-lugansk/startseite/verein/10690/saison_id/2023,zorya-lugansk,https://tmssl.akamaized.net/images/wappen/tiny/10690.png?lm=1677239691,23.9,15.95,UKR1,1
242,53646,Polissya Zhytomyr,/fk-polissya-zhytomyr/startseite/verein/53646/saison_id/2023,fk-polissya-zhytomyr,https://tmssl.akamaized.net/images/wappen/tiny/53646.png?lm=1522152689,25.6,15.1,UKR1,1
243,3592,Kryvbas Kryvyi Rig,/kryvbas-kryvyi-rig/startseite/verein/3592/saison_id/2023,kryvbas-kryvyi-rig,https://tmssl.akamaized.net/images/wappen/tiny/3592.png?lm=1636730619,24.8,11.95,UKR1,1
244,48726,Rukh Lviv,/rukh-lviv/startseite/verein/48726/saison_id/2023,rukh-lviv,https://tmssl.akamaized.net/images/wappen/tiny/48726.png?lm=1575994146,23.2,11.7,UKR1,1
245,2740,Vorskla Poltava,/vorskla-poltava/startseite/verein/2740/saison_id/2023,vorskla-poltava,https://tmssl.akamaized.net/images/wappen/tiny/2740.png?lm=1420985318,24.5,10.33,UKR1,1
246,48332,Kolos Kovalivka,/kolos-kovalivka/startseite/verein/48332/saison_id/2023,kolos-kovalivka,https://tmssl.akamaized.net/images/wappen/tiny/48332.png?lm=1546026029,26.5,9.93,UKR1,1
247,55686,Metalist 1925 Kharkiv,/metalist-1925-kharkiv/startseite/verein/55686/saison_id/2023,metalist-1925-kharkiv,https://tmssl.akamaized.net/images/wappen/tiny/55686.png?lm=1499536179,26.1,9.48,UKR1,1
248,18303,FK Oleksandriya,/fk-oleksandriya/startseite/verein/18303/saison_id/2023,fk-oleksandriya,https://tmssl.akamaized.net/images/wappen/tiny/18303.png?lm=1612285426,24.0,9.1,UKR1,1
249,6992,Chornomorets Odessa,/chornomorets-odessa/startseite/verein/6992/saison_id/2023,chornomorets-odessa,https://tmssl.akamaized.net/images/wappen/tiny/6992.png?lm=1420985624,24.7,7.5,UKR1,1
250,63007,LNZ Cherkasy,/lnz-lebedyn/startseite/verein/63007/saison_id/2023,lnz-lebedyn,https://tmssl.akamaized.net/images/wappen/tiny/63007.png?lm=1616575460,26.8,7.48,UKR1,1
251,26459,NK Veres Rivne,/nk-veres-rivne/startseite/verein/26459/saison_id/2023,nk-veres-rivne,https://tmssl.akamaized.net/images/wappen/tiny/26459.png?lm=1638990932,26.4,6.93,UKR1,1
252,39097,Obolon Kyiv,/fk-obolon-kiew/startseite/verein/39097/saison_id/2023,fk-obolon-kiew,https://tmssl.akamaized.net/images/wappen/tiny/39097.png?lm=1636730565,27.2,6.2,UKR1,1
253,61825,FK Minaj,/fk-minaj/startseite/verein/61825/saison_id/2023,fk-minaj,https://tmssl.akamaized.net/images/wappen/tiny/61825.png?lm=1598035237,24.0,3.11,UKR1,1
254,141,Galatasaray,/galatasaray-istanbul/startseite/verein/141/saison_id/2023,galatasaray-istanbul,https://tmssl.akamaized.net/images/wappen/tiny/141.png?lm=1406739071,26.1,206.33,TR1,1
255,36,Fenerbahce,/fenerbahce-istanbul/startseite/verein/36/saison_id/2023,fenerbahce-istanbul,https://tmssl.akamaized.net/images/wappen/tiny/36.png?lm=1406739123,28.3,202.25,TR1,1
256,114,Besiktas JK,/besiktas-istanbul/startseite/verein/114/saison_id/2023,besiktas-istanbul,https://tmssl.akamaized.net/images/wappen/tiny/114.png?lm=1502974502,26.2,143.5,TR1,1
257,449,Trabzonspor,/trabzonspor/startseite/verein/449/saison_id/2023,trabzonspor,https://tmssl.akamaized.net/images/wappen/tiny/449.png?lm=1665404571,25.1,99.75,TR1,1
258,6890,Basaksehir FK,/istanbul-basaksehir-fk/startseite/verein/6890/saison_id/2023,istanbul-basaksehir-fk,https://tmssl.akamaized.net/images/wappen/tiny/6890.png?lm=1521449959,25.9,46.33,TR1,1
259,3840,Adana Demirspor,/adana-demirspor/startseite/verein/3840/saison_id/2023,adana-demirspor,https://tmssl.akamaized.net/images/wappen/tiny/3840.png?lm=1442129502,25.3,43.0,TR1,1
260,868,MKE Ankaragücü,/mke-ankaragucu/startseite/verein/868/saison_id/2023,mke-ankaragucu,https://tmssl.akamaized.net/images/wappen/tiny/868.png?lm=1582635029,26.3,36.73,TR1,1
261,152,Samsunspor,/samsunspor/startseite/verein/152/saison_id/2023,samsunspor,https://tmssl.akamaized.net/images/wappen/tiny/152.png?lm=1601939192,25.9,34.73,TR1,1
262,3205,Kayserispor,/kayserispor/startseite/verein/3205/saison_id/2023,kayserispor,https://tmssl.akamaized.net/images/wappen/tiny/3205.png?lm=1520239955,26.2,29.25,TR1,1
263,7775,Hatayspor,/hatayspor/startseite/verein/7775/saison_id/2023,hatayspor,https://tmssl.akamaized.net/images/wappen/tiny/7775.png?lm=1441723606,24.7,29.03,TR1,1
264,2293,Konyaspor,/konyaspor/startseite/verein/2293/saison_id/2023,konyaspor,https://tmssl.akamaized.net/images/wappen/tiny/2293.png?lm=1519828204,26.9,29.0,TR1,1
265,589,Antalyaspor,/antalyaspor/startseite/verein/589/saison_id/2023,antalyaspor,https://tmssl.akamaized.net/images/wappen/tiny/589.png?lm=1473110173,26.5,28.78,TR1,1
266,126,Caykur Rizespor,/caykur-rizespor/startseite/verein/126/saison_id/2023,caykur-rizespor,https://tmssl.akamaized.net/images/wappen/tiny/126.png?lm=1443714784,23.8,28.48,TR1,1
267,11282,Alanyaspor,/alanyaspor/startseite/verein/11282/saison_id/2023,alanyaspor,https://tmssl.akamaized.net/images/wappen/tiny/11282.png?lm=1489273987,26.5,26.88,TR1,1
268,10484,Kasimpasa,/kasimpasa/startseite/verein/10484/saison_id/2023,kasimpasa,https://tmssl.akamaized.net/images/wappen/tiny/10484.png?lm=1408653850,25.2,25.63,TR1,1
269,6646,Fatih Karagümrük,/fatih-karagumruk/startseite/verein/6646/saison_id/2023,fatih-karagumruk,https://tmssl.akamaized.net/images/wappen/tiny/6646.png?lm=1441625196,26.9,25.38,TR1,1
270,2832,Gaziantep FK,/gaziantep-fk/startseite/verein/2832/saison_id/2023,gaziantep-fk,https://tmssl.akamaized.net/images/wappen/tiny/2832.png?lm=1618435990,27.1,23.1,TR1,1
271,2381,Sivasspor,/sivasspor/startseite/verein/2381/saison_id/2023,sivasspor,https://tmssl.akamaized.net/images/wappen/tiny/2381.png?lm=1408653992,28.6,21.18,TR1,1
272,3209,Pendikspor,/pendikspor/startseite/verein/3209/saison_id/2023,pendikspor,https://tmssl.akamaized.net/images/wappen/tiny/3209.png?lm=1420048508,27.8,21.03,TR1,1
273,924,Istanbulspor,/istanbulspor/startseite/verein/924/saison_id/2023,istanbulspor,https://tmssl.akamaized.net/images/wappen/tiny/924.png?lm=1442723454,24.3,7.7,TR1,1
274,409,Red Bull Salzburgo,/red-bull-salzburg/startseite/verein/409/saison_id/2023,red-bull-salzburg,https://tmssl.akamaized.net/images/wappen/tiny/409.png?lm=1557737354,22.0,222.33,A1,1
275,122,SK Sturm Graz,/sk-sturm-graz/startseite/verein/122/saison_id/2023,sk-sturm-graz,https://tmssl.akamaized.net/images/wappen/tiny/122.png?lm=1403016870,23.1,51.53,A1,1
276,413,LASK,/lask/startseite/verein/413/saison_id/2023,lask,https://tmssl.akamaized.net/images/wappen/tiny/413.png?lm=1683630300,25.9,28.25,A1,1
277,170,SK Rapid Viena,/sk-rapid-wien/startseite/verein/170/saison_id/2023,sk-rapid-wien,https://tmssl.akamaized.net/images/wappen/tiny/170.png?lm=1653663056,24.1,27.68,A1,1
278,14,FK Austria Viena,/fk-austria-wien/startseite/verein/14/saison_id/2023,fk-austria-wien,https://tmssl.akamaized.net/images/wappen/tiny/14.png?lm=1406739366,24.6,17.28,A1,1
279,4441,Wolfsberger AC,/wolfsberger-ac/startseite/verein/4441/saison_id/2023,wolfsberger-ac,https://tmssl.akamaized.net/images/wappen/tiny/4441.png?lm=1488030246,24.4,13.53,A1,1
280,28760,SK Austria Klagenfurt,/sk-austria-klagenfurt/startseite/verein/28760/saison_id/2023,sk-austria-klagenfurt,https://tmssl.akamaized.net/images/wappen/tiny/28760.png?lm=1621870462,25.2,12.05,A1,1
281,4467,TSV Hartberg,/tsv-hartberg/startseite/verein/4467/saison_id/2023,tsv-hartberg,https://tmssl.akamaized.net/images/wappen/tiny/4467.png?lm=1697975944,24.0,11.95,A1,1
282,3551,SCR Altach,/scr-altach/startseite/verein/3551/saison_id/2023,scr-altach,https://tmssl.akamaized.net/images/wappen/tiny/3551.png?lm=1647099979,25.4,9.03,A1,1
283,2446,WSG Tirol,/wsg-tirol/startseite/verein/2446/saison_id/2023,wsg-tirol,https://tmssl.akamaized.net/images/wappen/tiny/2446.png?lm=1624389741,24.0,8.65,A1,1
284,541,SC Austria Lustenau,/sc-austria-lustenau/startseite/verein/541/saison_id/2023,sc-austria-lustenau,https://tmssl.akamaized.net/images/wappen/tiny/541.png?lm=1678556296,24.0,7.93,A1,1
285,2157,FC Blau-Weiss Linz,/fc-blau-weiss-linz/startseite/verein/2157/saison_id/2023,fc-blau-weiss-linz,https://tmssl.akamaized.net/images/wappen/tiny/2157.png?lm=1666607232,25.4,7.35,A1,1
286,294,SL Benfica,/benfica-lissabon/startseite/verein/294/saison_id/2023,benfica-lissabon,https://tmssl.akamaized.net/images/wappen/tiny/294.png?lm=1535908439,24.5,365.75,PO1,1
287,336,Sporting de Lisboa,/sporting-lissabon/startseite/verein/336/saison_id/2023,sporting-lissabon,https://tmssl.akamaized.net/images/wappen/tiny/336.png?lm=1621513752,25.4,302.28,PO1,1
288,720,FC Oporto,/fc-porto/startseite/verein/720/saison_id/2023,fc-porto,https://tmssl.akamaized.net/images/wappen/tiny/720.png?lm=1486310161,26.4,257.1,PO1,1
289,1075,SC Braga,/sc-braga/startseite/verein/1075/saison_id/2023,sc-braga,https://tmssl.akamaized.net/images/wappen/tiny/1075.png?lm=1432893871,27.0,115.3,PO1,1
290,3329,FC Famalicão,/fc-famalicao/startseite/verein/3329/saison_id/2023,fc-famalicao,https://tmssl.akamaized.net/images/wappen/tiny/3329.png?lm=1565881258,23.2,45.7,PO1,1
291,2420,Vitória Guimarães SC,/vitoria-guimaraes-sc/startseite/verein/2420/saison_id/2023,vitoria-guimaraes-sc,https://tmssl.akamaized.net/images/wappen/tiny/2420.png?lm=1432894021,25.1,38.55,PO1,1
292,1465,GD Estoril Praia,/gd-estoril-praia/startseite/verein/1465/saison_id/2023,gd-estoril-praia,https://tmssl.akamaized.net/images/wappen/tiny/1465.png?lm=1534340702,24.3,32.8,PO1,1
293,2503,Boavista Porto FC,/boavista-porto-fc/startseite/verein/2503/saison_id/2023,boavista-porto-fc,https://tmssl.akamaized.net/images/wappen/tiny/2503.png?lm=1480959207,24.7,26.55,PO1,1
294,8024,FC Arouca,/fc-arouca/startseite/verein/8024/saison_id/2023,fc-arouca,https://tmssl.akamaized.net/images/wappen/tiny/8024.png?lm=1530096604,25.8,24.8,PO1,1
295,2424,Gil Vicente FC,/gil-vicente-fc/startseite/verein/2424/saison_id/2023,gil-vicente-fc,https://tmssl.akamaized.net/images/wappen/tiny/2424.png?lm=1624283300,24.4,24.2,PO1,1
296,2425,Rio Ave FC,/rio-ave-fc/startseite/verein/2425/saison_id/2023,rio-ave-fc,https://tmssl.akamaized.net/images/wappen/tiny/2425.png?lm=1516613968,26.7,23.7,PO1,1
297,7378,Portimonense SC,/portimonense-sc/startseite/verein/7378/saison_id/2023,portimonense-sc,https://tmssl.akamaized.net/images/wappen/tiny/7378.png?lm=1665922885,23.8,19.3,PO1,1
298,979,Moreirense FC,/moreirense-fc/startseite/verein/979/saison_id/2023,moreirense-fc,https://tmssl.akamaized.net/images/wappen/tiny/979.png?lm=1552324606,25.5,19.1,PO1,1
299,6912,FC Vizela,/fc-vizela/startseite/verein/6912/saison_id/2023,fc-vizela,https://tmssl.akamaized.net/images/wappen/tiny/6912.png?lm=1700587516,24.9,17.4,PO1,1
300,3268,Casa Pia AC,/casa-pia-ac/startseite/verein/3268/saison_id/2023,casa-pia-ac,https://tmssl.akamaized.net/images/wappen/tiny/3268.png?lm=1663076157,25.4,15.18,PO1,1
301,3325,GD Chaves,/gd-chaves/startseite/verein/3325/saison_id/2023,gd-chaves,https://tmssl.akamaized.net/images/wappen/tiny/3325.png?lm=1416392512,26.3,14.35,PO1,1
302,2431,CF Estrela Amadora SAD,/cf-estrela-amadora-sad/startseite/verein/2431/saison_id/2023,cf-estrela-amadora-sad,https://tmssl.akamaized.net/images/wappen/tiny/2431.png?lm=1598342709,26.4,14.28,PO1,1
303,4294,SC Farense,/sc-farense/startseite/verein/4294/saison_id/2023,sc-farense,https://tmssl.akamaized.net/images/wappen/tiny/4294.png?lm=1550150253,27.9,11.35,PO1,1
304,583,París Saint-Germain FC,/fc-paris-saint-germain/startseite/verein/583/saison_id/2023,fc-paris-saint-germain,https://tmssl.akamaized.net/images/wappen/tiny/583.png?lm=1522312728,25.3,1000.03,FR1,1
305,162,AS Mónaco,/as-monaco/startseite/verein/162/saison_id/2023,as-monaco,https://tmssl.akamaized.net/images/wappen/tiny/162.png?lm=1654781919,24.1,333.2,FR1,1
306,273,Stade Rennais FC,/fc-stade-rennes/startseite/verein/273/saison_id/2023,fc-stade-rennes,https://tmssl.akamaized.net/images/wappen/tiny/273.png?lm=1691503972,24.0,262.3,FR1,1
307,417,OGC Niza,/ogc-nizza/startseite/verein/417/saison_id/2023,ogc-nizza,https://tmssl.akamaized.net/images/wappen/tiny/417.png?lm=1408779490,24.0,260.5,FR1,1
308,244,Olympique de Marsella,/olympique-marseille/startseite/verein/244/saison_id/2023,olympique-marseille,https://tmssl.akamaized.net/images/wappen/tiny/244.png?lm=1485642163,25.8,237.75,FR1,1
309,1041,Olympique de Lyon,/olympique-lyon/startseite/verein/1041/saison_id/2023,olympique-lyon,https://tmssl.akamaized.net/images/wappen/tiny/1041.png?lm=1656668172,25.2,236.3,FR1,1
310,1082,LOSC Lille,/losc-lille/startseite/verein/1082/saison_id/2023,losc-lille,https://tmssl.akamaized.net/images/wappen/tiny/1082.png?lm=1529521041,25.1,221.0,FR1,1
311,826,RC Lens,/rc-lens/startseite/verein/826/saison_id/2023,rc-lens,https://tmssl.akamaized.net/images/wappen/tiny/826.png?lm=1595457059,25.9,199.15,FR1,1
312,667,Racing Club de Estrasburgo,/rc-strassburg-alsace/startseite/verein/667/saison_id/2023,rc-strassburg-alsace,https://tmssl.akamaized.net/images/wappen/tiny/667.png?lm=1664991833,24.4,123.55,FR1,1
313,1421,Stade de Reims,/stade-reims/startseite/verein/1421/saison_id/2023,stade-reims,https://tmssl.akamaized.net/images/wappen/tiny/1421.png?lm=1592601839,25.0,114.45,FR1,1
314,1158,FC Lorient,/fc-lorient/startseite/verein/1158/saison_id/2023,fc-lorient,https://tmssl.akamaized.net/images/wappen/tiny/1158.png?lm=1406642498,24.4,101.85,FR1,1
315,969,Montpellier HSC,/montpellier-hsc/startseite/verein/969/saison_id/2023,montpellier-hsc,https://tmssl.akamaized.net/images/wappen/tiny/969.png?lm=1459072367,25.6,97.0,FR1,1
316,995,FC Nantes,/fc-nantes/startseite/verein/995/saison_id/2023,fc-nantes,https://tmssl.akamaized.net/images/wappen/tiny/995.png?lm=1581355747,26.3,89.25,FR1,1
317,415,Toulouse FC,/fc-toulouse/startseite/verein/415/saison_id/2023,fc-toulouse,https://tmssl.akamaized.net/images/wappen/tiny/415.png?lm=1530117274,23.0,85.2,FR1,1
318,3911,Stade Brestois 29,/stade-brest-29/startseite/verein/3911/saison_id/2023,stade-brest-29,https://tmssl.akamaized.net/images/wappen/tiny/3911.png?lm=1408780312,25.5,79.35,FR1,1
319,738,Le Havre AC,/ac-le-havre/startseite/verein/738/saison_id/2023,ac-le-havre,https://tmssl.akamaized.net/images/wappen/tiny/738.png?lm=1408780648,26.0,56.0,FR1,1
320,3524,Clermont Foot 63,/clermont-foot-63/startseite/verein/3524/saison_id/2023,clermont-foot-63,https://tmssl.akamaized.net/images/wappen/tiny/3524.png?lm=1625739356,26.2,51.45,FR1,1
321,347,FC Metz,/fc-metz/startseite/verein/347/saison_id/2023,fc-metz,https://tmssl.akamaized.net/images/wappen/tiny/347.png?lm=1625391843,24.7,42.6,FR1,1
322,27,Bayern Múnich,/fc-bayern-munchen/startseite/verein/27/saison_id/2023,fc-bayern-munchen,https://tmssl.akamaized.net/images/wappen/tiny/27.png?lm=1498251238,26.5,976.45,L1,1
323,15,Bayer 04 Leverkusen,/bayer-04-leverkusen/startseite/verein/15/saison_id/2023,bayer-04-leverkusen,https://tmssl.akamaized.net/images/wappen/tiny/15.png?lm=1651221781,24.7,566.55,L1,1
324,23826,RB Leipzig,/rasenballsport-leipzig/startseite/verein/23826/saison_id/2023,rasenballsport-leipzig,https://tmssl.akamaized.net/images/wappen/tiny/23826.png?lm=1619431624,25.0,483.6,L1,1
325,16,Borussia Dortmund,/borussia-dortmund/startseite/verein/16/saison_id/2023,borussia-dortmund,https://tmssl.akamaized.net/images/wappen/tiny/16.png?lm=1396275280,25.4,464.9,L1,1
326,82,VfL Wolfsburgo,/vfl-wolfsburg/startseite/verein/82/saison_id/2023,vfl-wolfsburg,https://tmssl.akamaized.net/images/wappen/tiny/82.png?lm=1503060755,25.0,245.7,L1,1
327,79,VfB Stuttgart,/vfb-stuttgart/startseite/verein/79/saison_id/2023,vfb-stuttgart,https://tmssl.akamaized.net/images/wappen/tiny/79.png?lm=1680587427,23.9,236.9,L1,1
328,24,Eintracht Fráncfort​​,/eintracht-frankfurt/startseite/verein/24/saison_id/2023,eintracht-frankfurt,https://tmssl.akamaized.net/images/wappen/tiny/24.png?lm=1700074979,24.2,231.75,L1,1
329,18,Borussia Mönchengladbach,/borussia-monchengladbach/startseite/verein/18/saison_id/2023,borussia-monchengladbach,https://tmssl.akamaized.net/images/wappen/tiny/18.png?lm=1656585796,25.3,201.08,L1,1
330,60,SC Friburgo,/sc-freiburg/startseite/verein/60/saison_id/2023,sc-freiburg,https://tmssl.akamaized.net/images/wappen/tiny/60.png?lm=1517249279,26.1,189.2,L1,1
331,89,1.FC Unión Berlín,/1-fc-union-berlin/startseite/verein/89/saison_id/2023,1-fc-union-berlin,https://tmssl.akamaized.net/images/wappen/tiny/89.png?lm=1402956210,27.3,149.95,L1,1
332,533,TSG 1899 Hoffenheim,/tsg-1899-hoffenheim/startseite/verein/533/saison_id/2023,tsg-1899-hoffenheim,https://tmssl.akamaized.net/images/wappen/tiny/533.png?lm=1675591766,25.4,133.65,L1,1
333,167,FC Augsburgo,/fc-augsburg/startseite/verein/167/saison_id/2023,fc-augsburg,https://tmssl.akamaized.net/images/wappen/tiny/167.png?lm=1656582897,25.4,120.85,L1,1
334,39,1.FSV Mainz 05,/1-fsv-mainz-05/startseite/verein/39/saison_id/2023,1-fsv-mainz-05,https://tmssl.akamaized.net/images/wappen/tiny/39.png?lm=1564748880,26.5,109.65,L1,1
335,86,SV Werder Bremen,/sv-werder-bremen/startseite/verein/86/saison_id/2023,sv-werder-bremen,https://tmssl.akamaized.net/images/wappen/tiny/86.png?lm=1403082298,26.0,94.7,L1,1
336,3,FC Colonia,/1-fc-koln/startseite/verein/3/saison_id/2023,1-fc-koln,https://tmssl.akamaized.net/images/wappen/tiny/3.png?lm=1656580823,25.2,93.7,L1,1
337,80,VfL Bochum,/vfl-bochum/startseite/verein/80/saison_id/2023,vfl-bochum,https://tmssl.akamaized.net/images/wappen/tiny/80.png?lm=1656583090,27.9,57.5,L1,1
338,2036,1.FC Heidenheim 1846,/1-fc-heidenheim-1846/startseite/verein/2036/saison_id/2023,1-fc-heidenheim-1846,https://tmssl.akamaized.net/images/wappen/tiny/2036.png?lm=1685457789,26.0,49.25,L1,1
339,105,SV Darmstadt 98,/sv-darmstadt-98/startseite/verein/105/saison_id/2023,sv-darmstadt-98,https://tmssl.akamaized.net/images/wappen/tiny/105.png?lm=1501493517,26.5,42.65,L1,1
340,418,Real Madrid CF,/real-madrid/startseite/verein/418/saison_id/2023,real-madrid,https://tmssl.akamaized.net/images/wappen/tiny/418.png?lm=1697726166,27.1,1000.04,ES1,1
341,131,FC Barcelona,/fc-barcelona/startseite/verein/131/saison_id/2023,fc-barcelona,https://tmssl.akamaized.net/images/wappen/tiny/131.png?lm=1406739548,24.7,863.5,ES1,1
342,681,Real Sociedad,/real-sociedad-san-sebastian/startseite/verein/681/saison_id/2023,real-sociedad-san-sebastian,https://tmssl.akamaized.net/images/wappen/tiny/681.png?lm=1614795530,25.5,487.6,ES1,1
343,13,Atlético de Madrid,/atletico-madrid/startseite/verein/13/saison_id/2023,atletico-madrid,https://tmssl.akamaized.net/images/wappen/tiny/13.png?lm=1519120744,28.6,454.4,ES1,1
344,621,Athletic Club,/athletic-bilbao/startseite/verein/621/saison_id/2023,athletic-bilbao,https://tmssl.akamaized.net/images/wappen/tiny/621.png?lm=1695069038,27.2,242.6,ES1,1
345,12321,Girona FC,/fc-girona/startseite/verein/12321/saison_id/2023,fc-girona,https://tmssl.akamaized.net/images/wappen/tiny/12321.png?lm=1659464404,26.7,223.3,ES1,1
346,1050,Villarreal CF,/fc-villarreal/startseite/verein/1050/saison_id/2023,fc-villarreal,https://tmssl.akamaized.net/images/wappen/tiny/1050.png?lm=1408655310,28.0,216.6,ES1,1
347,150,Real Betis Balompié,/real-betis-sevilla/startseite/verein/150/saison_id/2023,real-betis-sevilla,https://tmssl.akamaized.net/images/wappen/tiny/150.png?lm=1663358526,28.0,202.1,ES1,1
348,1049,Valencia CF,/fc-valencia/startseite/verein/1049/saison_id/2023,fc-valencia,https://tmssl.akamaized.net/images/wappen/tiny/1049.png?lm=1406966320,23.9,197.05,ES1,1
349,368,Sevilla FC,/fc-sevilla/startseite/verein/368/saison_id/2023,fc-sevilla,https://tmssl.akamaized.net/images/wappen/tiny/368.png?lm=1408655455,27.3,193.4,ES1,1
350,940,RC Celta de Vigo,/celta-vigo/startseite/verein/940/saison_id/2023,celta-vigo,https://tmssl.akamaized.net/images/wappen/tiny/940.png?lm=1406966406,25.9,112.3,ES1,1
351,331,CA Osasuna,/ca-osasuna/startseite/verein/331/saison_id/2023,ca-osasuna,https://tmssl.akamaized.net/images/wappen/tiny/331.png?lm=1686070937,27.7,99.8,ES1,1
352,237,RCD Mallorca,/rcd-mallorca/startseite/verein/237/saison_id/2023,rcd-mallorca,https://tmssl.akamaized.net/images/wappen/tiny/237.png?lm=1407484750,28.5,90.9,ES1,1
353,3709,Getafe CF,/fc-getafe/startseite/verein/3709/saison_id/2023,fc-getafe,https://tmssl.akamaized.net/images/wappen/tiny/3709.png?lm=1408655116,26.2,89.65,ES1,1
354,16795,Granada CF,/fc-granada/startseite/verein/16795/saison_id/2023,fc-granada,https://tmssl.akamaized.net/images/wappen/tiny/16795.png?lm=1695756624,27.0,85.6,ES1,1
355,3302,UD Almería,/ud-almeria/startseite/verein/3302/saison_id/2023,ud-almeria,https://tmssl.akamaized.net/images/wappen/tiny/3302.png?lm=1695683818,26.2,79.9,ES1,1
356,367,Rayo Vallecano,/rayo-vallecano/startseite/verein/367/saison_id/2023,rayo-vallecano,https://tmssl.akamaized.net/images/wappen/tiny/367.png?lm=1653488445,28.8,79.8,ES1,1
357,472,UD Las Palmas,/ud-las-palmas/startseite/verein/472/saison_id/2023,ud-las-palmas,https://tmssl.akamaized.net/images/wappen/tiny/472.png?lm=1407484865,26.2,70.4,ES1,1
358,1108,Deportivo Alavés,/deportivo-alaves/startseite/verein/1108/saison_id/2023,deportivo-alaves,https://tmssl.akamaized.net/images/wappen/tiny/1108.png?lm=1596131395,25.4,70.1,ES1,1
359,2687,Cádiz CF,/fc-cadiz/startseite/verein/2687/saison_id/2023,fc-cadiz,https://tmssl.akamaized.net/images/wappen/tiny/2687.png?lm=1683542431,28.3,65.3,ES1,1
360,46,Inter de Milán,/inter-mailand/startseite/verein/46/saison_id/2023,inter-mailand,https://tmssl.akamaized.net/images/wappen/tiny/46.png?lm=1618900989,28.9,588.85,IT1,1
361,6195,SSC Nápoles,/ssc-neapel/startseite/verein/6195/saison_id/2023,ssc-neapel,https://tmssl.akamaized.net/images/wappen/tiny/6195.png?lm=1688982522,26.7,535.15,IT1,1
362,5,AC Milan,/ac-mailand/startseite/verein/5/saison_id/2023,ac-mailand,https://tmssl.akamaized.net/images/wappen/tiny/5.png?lm=1605166627,26.5,524.45,IT1,1
363,506,Juventus de Turín,/juventus-turin/startseite/verein/506/saison_id/2023,juventus-turin,https://tmssl.akamaized.net/images/wappen/tiny/506.png?lm=1626441487,26.2,454.2,IT1,1
364,12,AS Roma,/as-rom/startseite/verein/12/saison_id/2023,as-rom,https://tmssl.akamaized.net/images/wappen/tiny/12.png?lm=1701079293,26.4,335.15,IT1,1
365,800,Atalanta de Bérgamo,/atalanta-bergamo/startseite/verein/800/saison_id/2023,atalanta-bergamo,https://tmssl.akamaized.net/images/wappen/tiny/800.png?lm=1438547428,26.9,333.1,IT1,1
366,430,Fiorentina,/ac-florenz/startseite/verein/430/saison_id/2023,ac-florenz,https://tmssl.akamaized.net/images/wappen/tiny/430.png?lm=1656660160,25.5,246.9,IT1,1
367,398,SS Lazio,/lazio-rom/startseite/verein/398/saison_id/2023,lazio-rom,https://tmssl.akamaized.net/images/wappen/tiny/398.png?lm=1601537785,27.0,241.63,IT1,1
368,1025,Bolonia,/fc-bologna/startseite/verein/1025/saison_id/2023,fc-bologna,https://tmssl.akamaized.net/images/wappen/tiny/1025.png?lm=1626441324,24.5,208.55,IT1,1
369,416,Torino FC,/fc-turin/startseite/verein/416/saison_id/2023,fc-turin,https://tmssl.akamaized.net/images/wappen/tiny/416.png?lm=1438548174,25.2,169.4,IT1,1
370,6574,US Sassuolo,/us-sassuolo/startseite/verein/6574/saison_id/2023,us-sassuolo,https://tmssl.akamaized.net/images/wappen/tiny/6574.png?lm=1601389908,26.1,156.4,IT1,1
371,410,Udinese,/udinese-calcio/startseite/verein/410/saison_id/2023,udinese-calcio,https://tmssl.akamaized.net/images/wappen/tiny/410.png?lm=1688982584,25.7,135.2,IT1,1
372,252,Génova,/genua-cfc/startseite/verein/252/saison_id/2023,genua-cfc,https://tmssl.akamaized.net/images/wappen/tiny/252.png?lm=1655305880,25.8,124.95,IT1,1
373,2919,AC Monza,/ac-monza/startseite/verein/2919/saison_id/2023,ac-monza,https://tmssl.akamaized.net/images/wappen/tiny/2919.png?lm=1562072734,26.4,115.0,IT1,1
374,8970,Frosinone Calcio,/frosinone-calcio/startseite/verein/8970/saison_id/2023,frosinone-calcio,https://tmssl.akamaized.net/images/wappen/tiny/8970.png?lm=1438547543,24.6,101.55,IT1,1
375,380,US Salernitana 1919,/us-salernitana-1919/startseite/verein/380/saison_id/2023,us-salernitana-1919,https://tmssl.akamaized.net/images/wappen/tiny/380.png?lm=1601390035,26.6,86.5,IT1,1
376,1390,Cagliari,/cagliari-calcio/startseite/verein/1390/saison_id/2023,cagliari-calcio,https://tmssl.akamaized.net/images/wappen/tiny/1390.png?lm=1626441409,27.2,83.48,IT1,1
377,1005,US Lecce,/us-lecce/startseite/verein/1005/saison_id/2023,us-lecce,https://tmssl.akamaized.net/images/wappen/tiny/1005.png?lm=1689169528,23.9,81.33,IT1,1
378,749,FC Empoli,/fc-empoli/startseite/verein/749/saison_id/2023,fc-empoli,https://tmssl.akamaized.net/images/wappen/tiny/749.png?lm=1626441481,26.4,69.3,IT1,1
379,276,Hellas Verona,/hellas-verona/startseite/verein/276/saison_id/2023,hellas-verona,https://tmssl.akamaized.net/images/wappen/tiny/276.png?lm=1617228746,25.0,60.48,IT1,1
380,281,Manchester City,/manchester-city/startseite/verein/281/saison_id/2023,manchester-city,https://tmssl.akamaized.net/images/wappen/tiny/281.png?lm=1467356331,26.7,1000.26,GB1,1
381,11,Arsenal FC,/fc-arsenal/startseite/verein/11/saison_id/2023,fc-arsenal,https://tmssl.akamaized.net/images/wappen/tiny/11.png?lm=1489787850,25.3,1000.12,GB1,1
382,631,Chelsea FC,/fc-chelsea/startseite/verein/631/saison_id/2023,fc-chelsea,https://tmssl.akamaized.net/images/wappen/tiny/631.png?lm=1682435911,23.4,948.1,GB1,1
383,31,Liverpool FC,/fc-liverpool/startseite/verein/31/saison_id/2023,fc-liverpool,https://tmssl.akamaized.net/images/wappen/tiny/31.png?lm=1456567819,25.8,868.4,GB1,1
384,148,Tottenham Hotspur,/tottenham-hotspur/startseite/verein/148/saison_id/2023,tottenham-hotspur,https://tmssl.akamaized.net/images/wappen/tiny/148.png?lm=1544345801,25.3,761.3,GB1,1
385,985,Manchester United,/manchester-united/startseite/verein/985/saison_id/2023,manchester-united,https://tmssl.akamaized.net/images/wappen/tiny/985.png?lm=1457975903,26.2,735.25,GB1,1
386,762,Newcastle United,/newcastle-united/startseite/verein/762/saison_id/2023,newcastle-united,https://tmssl.akamaized.net/images/wappen/tiny/762.png?lm=1472921161,27.3,638.7,GB1,1
387,405,Aston Villa,/aston-villa/startseite/verein/405/saison_id/2023,aston-villa,https://tmssl.akamaized.net/images/wappen/tiny/405.png?lm=1469443765,26.5,620.85,GB1,1
388,1237,Brighton & Hove Albion,/brighton-amp-hove-albion/startseite/verein/1237/saison_id/2023,brighton-amp-hove-albion,https://tmssl.akamaized.net/images/wappen/tiny/1237.png?lm=1492718902,25.4,487.1,GB1,1
389,379,West Ham United,/west-ham-united/startseite/verein/379/saison_id/2023,west-ham-united,https://tmssl.akamaized.net/images/wappen/tiny/379.png?lm=1464675260,28.3,440.6,GB1,1
390,1148,Brentford FC,/fc-brentford/startseite/verein/1148/saison_id/2023,fc-brentford,https://tmssl.akamaized.net/images/wappen/tiny/1148.png?lm=1625150543,25.4,407.18,GB1,1
391,873,Crystal Palace,/crystal-palace/startseite/verein/873/saison_id/2023,crystal-palace,https://tmssl.akamaized.net/images/wappen/tiny/873.png?lm=1457723287,25.9,385.9,GB1,1
392,703,Nottingham Forest,/nottingham-forest/startseite/verein/703/saison_id/2023,nottingham-forest,https://tmssl.akamaized.net/images/wappen/tiny/703.png?lm=1598890289,26.9,362.15,GB1,1
393,989,AFC Bournemouth,/afc-bournemouth/startseite/verein/989/saison_id/2023,afc-bournemouth,https://tmssl.akamaized.net/images/wappen/tiny/989.png?lm=1457991811,25.7,341.8,GB1,1
394,29,Everton FC,/fc-everton/startseite/verein/29/saison_id/2023,fc-everton,https://tmssl.akamaized.net/images/wappen/tiny/29.png?lm=1445949846,27.1,336.9,GB1,1
395,931,Fulham FC,/fc-fulham/startseite/verein/931/saison_id/2023,fc-fulham,https://tmssl.akamaized.net/images/wappen/tiny/931.png?lm=1556831687,28.0,335.0,GB1,1
396,543,Wolverhampton Wanderers,/wolverhampton-wanderers/startseite/verein/543/saison_id/2023,wolverhampton-wanderers,https://tmssl.akamaized.net/images/wappen/tiny/543.png?lm=1467496784,25.8,302.7,GB1,1
397,1132,Burnley FC,/fc-burnley/startseite/verein/1132/saison_id/2023,fc-burnley,https://tmssl.akamaized.net/images/wappen/tiny/1132.png?lm=1686818840,25.0,253.1,GB1,1
398,350,Sheffield United,/sheffield-united/startseite/verein/350/saison_id/2023,sheffield-united,https://tmssl.akamaized.net/images/wappen/tiny/350.png?lm=1409254138,25.6,146.85,GB1,1
399,1031,Luton Town,/luton-town/startseite/verein/1031/saison_id/2023,luton-town,https://tmssl.akamaized.net/images/wappen/tiny/1031.png?lm=1457723228,27.4,101.6,GB1,1
